TEAM,USER,ROLE,BOOST,POINTS,TOTAL,WAID
perfektni analyza,impvlse,94,40,317,451,0.5466666666666667
Pyčo,Polysmen,42,40,323,405,0.49090909090909096
Fuckers ft. MC Břetislav,Tademon,81,50,130,261,0.3163636363636364
Digizmena na Megagarurumona,Vrzman,76,60,93,229,0.2775757575757576
PRAHAAAA,KokyTheGod,64,40,102,206,0.24969696969696972
The Chosen Ones,RippSir,73,30,82,185,0.22424242424242424
Neřeknu,rahic,69,20,7,96,0.11636363636363636
Fb kigf,Rakvis,0,0,-88,-88,-0.10666666666666667
