TEAM,USER,ROLE,BOOST,POINTS,TOTAL,WAID
Bongistaan,KokyTheGod,228,60,251,539,0.6378698224852072
Summer MVP,Vrzman,161,70,175,406,0.48047337278106506
The Chosen Ones,RippSir,179,70,43,292,0.3455621301775148
Summer je nejlepší hráč,Tademon,204,60,-56,208,0.24615384615384614
2,Polysmen,139,70,-20,189,0.22366863905325443
ščáříěášř,Rakvis,0,0,178,178,0.2106508875739645
ez4ence,impvlse,142,60,-41,161,0.19053254437869824
