TEAM,USER,ROLE,BOOST,POINTS,TEAMPOINTS,TOTAL,WAID
knif comeback starts here,impvlse,110,30,165,114,419,0.7398073836276085
NA! Live is life NANANANANA!,Vrzman,97,50,132,78,357,0.6303370786516854
Bongistaan,KokyTheGod,77,20,93,69,259,0.4573033707865169
Yolo,Tademon,62,30,160,6,258,0.45553772070626003
The Chosen Ones,RippSir,65,35,51,15,166,0.29309791332263246
