TEAM,USER,ROLE,BOOST,POINTS,TEAMPOINTS,TOTAL,WAID
The Chosen Ones,RippSir,127,80,139,51,397,0.7845849802371542
1337,Polysmen,114,60,102,60,336,0.6640316205533597
Dlaňovku za stovku,impvlse,116,40,94,33,283,0.5592885375494071
I win kniffs all day long,Tademon,104,30,72,60,266,0.525691699604743
I'm in love with the coco,KokyTheGod,95,20,94,42,251,0.49604743083003955
Tududutudududu,Rakvis,82,30,80,33,225,0.44466403162055335
Tududu dudududu,Vrzman,95,80,-16,24,183,0.3616600790513834
